Year-年,Keyword-关键词
2024.0,新式茶饮;;营销策略;;财务分析
2024.0,传统文化;;茶饮品牌;;包装设计
2024.0,单纯性肥胖症;;脾虚湿盛;;穴位埋线;;PGA线体;;中药代茶饮
2024.0,Z世代情感化需求;;中式茶饮;;包装设计;;创新设计
2024.0,A饮品公司;;数字化营销;;营销策略;;顾客感知价值;;STP
2024.0,新式茶饮;;行业现状;;发展趋势;;健康趋势
2024.0,奈雪的茶;;营销环境;;目标市场策略;;营销组合策略
2024.0,新式茶饮;;茉莉花茶;;基底茶;;发展对策
2024.0,市场营销理论;;新茶饮;;营销策略
2024.0,新式茶饮;;STP理论;;4Ps理论;;营销策略优化
2024.0,品牌资产;;品牌认知;;购买意愿;;营销策略
2024.0,代用茶;;食药物质;;新茶饮;;健康养生
2024.0,国潮元素;;新式茶饮;;包装设计
2024.0,国潮元素;;茶饮品牌;;包装设计;;品牌形象
2024.0,茶文化传播;;电子游戏;;青年玩家;;新茶饮;;融合形式
2024.0,传播仪式观;;茶饮品牌传播;;蜜雪冰城
2024.0,新式茶饮;;消费者体验;;消费者满意度;;品牌忠诚
2024.0,茶文化;;新式茶饮;;品牌构建
2024.0,质地;;新式茶饮;;产品研发;;感官分析技术
2024.0,新式茶饮;;茶叶消费;;反哺效应
2024.0,新茶饮;;创新;;可持续发展
2023.0,茶饮品;;新式茶饮;;营销策略;;4Ps营销理论
2023.0,下沉市场;;营销策略;;优化;;蜜雪冰城
2023.0,代茶饮;;煮散剂;;药物经济学
2023.0,价值链;;盈利模式;;新式茶饮
2023.0,袋泡茶;;社会化媒体;;营销策略
2023.0,治未病;;中医体质;;气虚质;;健康管理;;中药代茶饮;;雷火灸;;五音疗法
2023.0,N公司;;新式茶饮;;发展战略;;总体战略
2023.0,新式茶饮;;发展战略;;连锁餐饮
2023.0,茶叶市场;;营销策略;;茶药科技;;TF茶叶公司
2023.0,代茶饮;;药茶;;中药;;临床应用
2023.0,新式茶饮;;茶基底;;原料茶;;风味品质;;创新与发展
2023.0,新式茶饮;;网络口碑;;消费购买行为;;消费者信任;;感知价值
2023.0,国潮文化;;新茶饮;;包装设计
2023.0,新式茶饮;;传统文化;;新式茶饮文化
2023.0,茶饮;;茶道;;茶器;;考古;;陆羽;;沫饽;;点茶;;击拂拉花;;芽叶冲泡
2023.0,4Ps理论;;SWOT分析;;营销策略
2023.0,品牌形象设计;;泉州提线木偶戏;;地域文化
2023.0,甜啦啦;;新式茶饮;;整合营销传播
2023.0,新茶饮;;营销策略;;鲜果果茶
2023.0,新式茶饮;;发展战略;;SWOT分析
2023.0,情感化理念;;“觅见”;;新式茶饮;;品牌视觉形象设计
2023.0,茶饮品牌;;老虎堂品牌;;服务设计;;私域流量;;数字化
2023.0,蜜雪冰城;;营销策略;;连锁茶饮品牌
2023.0,病毒式广告;;短视频;;蜜雪冰城;;品牌形象;;贝尔品牌形象模型
2023.0,场景营销;;Z世代;;新茶饮
2023.0,品牌形象设计;;茶;;余白意蕴
2023.0,现制茶饮;;7Ps营销策略理论;;营销策略
2023.0,扁平化;;新式咖啡茶饮;;品牌形象设计
2023.0,新茶饮;;互动仪式链;;青年社交;;社交焦虑
2023.0,气郁体质;;调养干预;;五音疗法;;代茶饮
2023.0,包装设计;;地域文化;;新式茶饮;;情感化体验;;差异化
2023.0,发展战略;;新式茶饮;;SWOT分析;;QSPM矩阵
2023.0,新式茶饮;;商业模式创新;;企业绩效
2023.0,茶文化;;文化自信;;新式茶饮
2023.0,喜茶;;新茶饮市场营销;;顾客感知价值
2023.0,商业模式;;魏朱六要素;;新式茶饮;;商业画布
2023.0,新零售;;无人现制饮品;;营销策略
2023.0,品牌资产;;品牌形象;;品牌定位;;现制茶饮;;奈雪的茶
2023.0,新中式茶饮品牌;;文化符号;;营销策略
2023.0,悦己动机;;购买意愿;;新茶饮
2023.0,社交媒体;;品牌传播;;茶饮品牌;;蜜雪冰城
2023.0,社交媒体营销;;SICAS模型;;营销策略;;奈雪的茶
2023.0,品牌体验;;感知价值;;品牌偏好;;品牌忠诚;;新式茶饮
2023.0,中药代茶饮;;茶剂;;源流;;分类
2022.0,新式茶饮;;奈雪的茶;;跨界营销
2022.0,新式茶饮;;品牌;;视觉形象
2022.0,蜜雪冰城;;竞争战略;;战略实施;;保障措施
2022.0,新式茶饮;;茶颜悦色;;STP战略;;4V营销理论
2022.0,新媒体艺术;;茶饮品牌;;国际化
2022.0,O2O模式;;新式茶饮;;多渠道经营;;回归模型
2022.0,新式茶饮;;社会化媒体营销;;ISMAS
2022.0,新式茶饮;;商业模式;;审计风险;;审计质量
2022.0,茶饮行业;;营销策略;;市场定位;;新式奶茶
2022.0,新式茶饮;;茶饮品牌;;营销创新
2022.0,代茶饮;;正常高值血压;;痰湿壅盛证;;社区
2022.0,穴位埋线;;高脂血症;;肥胖;;中药代茶饮;;临床研究
2022.0,新式茶饮;;市场定位;;7Ps营销理论;;营销策略
2022.0,哈佛分析框架;;案例研究;;奈雪的茶
2022.0,新式茶饮;;喜茶;;品牌延伸;;核心竞争力
2022.0,新式茶饮;;营销环境;;营销策略;;优化建议
2022.0,茶饮行业;;品牌定位;;定位钻石图
2022.0,新式茶饮;;视觉形象设计;;品牌同质化;;趣味性;;社交空间
2022.0,新式茶饮;;盈利模式;;财务绩效
2022.0,茶饮连锁企业;;数字化营销;;营销策略;;新消费
2022.0,饮料行业;;市场定位;;营销策略
2022.0,新式茶饮;;竞争战略;;差异化战略
2022.0,可变字体;;品牌;;情感设计
2022.0,中药泥灸;;代茶饮;;项痹;;气滞血瘀;;临床观察
2022.0,甲状腺结节;;中药代茶饮;;微波消融术;;术后
2022.0,2型糖尿病;;非酒精性脂肪性肝病;;脾虚湿热;;中药代茶饮
2022.0,国潮;;品牌形象设计;;茶饮;;灌婴茶
2022.0,新消费时代;;奈雪の茶;;品牌传播
2022.0,品牌;;品牌定位;;品牌定位测评;;新茶饮行业
2022.0,市场营销;;7Ps;;互联网营销;;新茶饮
2022.0,现制茶饮;;营销策略;;连锁加盟;;消费行为;;促销活动
2022.0,品牌视觉形象;;餐饮空间;;设计符号学;;茶饮品牌
2022.0,品牌IP化;;茶饮品牌;;蜜雪冰城;;传播策略
2022.0,新式茶饮;;品牌价值;;Interbrand模型;;消费者视角
2022.0,禅;;意境;;新式茶饮;;包装设计
2022.0,蜜雪冰城;;营销环境;;目标市场策略;;营销组合策略
2022.0,二次元文化;;品牌形象设计;;新式茶饮;;二次元IP
2022.0,网络口碑;;新式茶饮;;消费者购买意愿
2022.0,鲜榨果汁;;营销策略;;品牌定位;;优化策略
2022.0,新式茶饮;;上市破发;;UE模型;;股权价值
2022.0,新式茶饮;;营销策略;;4P营销理论
2022.0,品牌营销;;新式茶饮;;S茶饮公司;;新零售
2022.0,消费升级;;新式茶饮;;发展战略
2022.0,新式茶饮;;STP理论;;7Ps理论;;营销策略;;优化
2022.0,传播仪式观;;新国货品牌;;品牌传播;;喜茶
2022.0,新式茶饮行业;;网红经济;;奈雪的茶;;实物期权;;企业价值评估
2022.0,农产品;;茶叶;;市场定位;;4Ps营销理论
2022.0,喜茶;;PEST环境分析;;STP策略;;4Ps策略
2021.0,M饮品公司;;营销策略;;郑州市场
2021.0,新式茶饮;;茶颜悦色;;差异化;;品牌发展
2021.0,新式茶饮;;茶基底;;创新
2021.0,新式茶饮;;混合茶;;抹茶;;制作
2021.0,营销策略;;新式茶饮;;营销环境分析;;STP分析
2021.0,茶饮品牌;;营销类员工培训;;培训体系
2021.0,网红经济;;新式茶饮;;连锁化;;品牌化
2021.0,非遗文化;;傈僳族;;民歌“三大调”;;茶饮;;包装设计
2021.0,新式茶饮;;休闲消费;;茶饮消费市场;;茶饮行业
2021.0,乐乐茶;;市场定位;;营销策略
2021.0,消费性公共空间;;咖啡馆;;酒吧;;新式茶饮;;空间分布
2021.0,茶饮;;药食同源;;茶文化;;发展
2021.0,药食同源;;中药代茶饮;;网络药理学;;血清药理学
2021.0,场景;;场景理论;;新式茶饮;;品牌体验
2021.0,品牌;;视觉形象设计;;陕西皮影;;艺术元素
2021.0,品牌形象设计;;图像叙事;;茶饮品牌
2021.0,茶颜悦色;;品牌定位;;品牌设计;;品牌传播;;品牌维护
2021.0,新式茶饮;;4ps营销组合;;STP
2021.0,社会化媒体;;品牌传播;;喜茶
2021.0,新茶饮行业;;内外部环境;;营销策略
2021.0,新式茶饮;;现状;;趋势
2021.0,新式茶饮;;定位;;高端现制茶饮;;营销策略
2021.0,新式茶饮;;创新;;茶叶原料
2021.0,新式茶饮;;新零售;;跨界营销
2021.0,品牌传播;;新式茶饮;;杯装液体奶茶;;兰芳园
2021.0,供应链管理;;茶饮;;竞争力
2021.0,喜茶;;新茶饮;;SWOT分析;;发展战略
2021.0,新中式茶饮;;同质化;;喜茶;;营销策略
2021.0,加盟店;;现制休闲茶饮;;营销策略;;市场定位
2021.0,新型冠状病毒肺炎;;中药代茶饮;;治未病;;湿;;热;;毒
2021.0,新式茶饮;;社会化媒体营销;;喜茶
2021.0,新式茶饮;;95后;;消费需求;;产品设计
2021.0,多源空间数据;;新式茶饮;;选址问题;;POI;;GIS;;机器学习
2021.0,传播仪式观;;茶饮品牌传播;;喜茶
2021.0,一点点奶茶;;现制茶饮;;营销策略;;精准营销
2021.0,微信营销;;喜茶;;消费者参与度
2021.0,品牌;;视觉形象设计;;茶饮品牌;;特色化;;南西巷
2021.0,产品包装设计;;图像叙事;;茶饮品牌;;情感共鸣
2021.0,代茶饮;;非酒精性脂肪性肝病;;湿热蕴结证
2020.0,营销策略;;4P理论;;数字化
2020.0,新式茶饮;;品牌形象设计;;诗词文化
2020.0,CL公司;;袋泡茶;;品牌;;品牌战略
2020.0,桔麦代茶饮;;阴虚肺燥;;慢性咽炎;;中药代茶饮;;药食同源
2020.0,茶饮市场;;内外部环境;;市场定位;;营销策略
2020.0,茗公子;;茶饮;;包装设计
2020.0,八段锦;;代茶饮;;高血压病;;穴位按摩
2020.0,喜茶;;品牌传播;;品牌符号;;传播策略
2020.0,互联网时代;;品牌形象设计;;新式茶饮
2020.0,互动体验;;包装设计;;新式茶饮;;情感体验;;年轻化
2020.0,喜茶;;营销策略;;问题;;建议
2020.0,新式茶饮;;网红经济;;消费行为;;消费心理;;情感分析
2020.0,2型糖尿病;;中药;;代茶饮;;血糖;;肠道菌群
2020.0,高血压;;肠道菌群;;药食同源;;代茶饮;;饮食干预;;生活质量
2019.0,大数据;;茶饮连锁企业;;数字化营销;;营销策略;;MX
2019.0,沈阳地区喜茶;;经营策略;;PEST分析;;SWOT分析
2019.0,茶饮创业;;创新;;市场调研;;SWOT分析
2019.0,社会化媒体;;新式茶饮;;包装设计
2019.0,茶文化;;宋人笔记;;茶道;;茶文化词汇
2019.0,茶饮品牌;;品牌定位;;定位钻石图;;一日一茶
2019.0,中药代茶饮;;养生保健;;防治未病
2019.0,品牌视觉形象设计;;茶饮品牌;;企业文化
2019.0,中药代茶饮;;甲状腺全麻术后;;咽痛;;咽喉症状
2018.0,餐饮业;;创业企划书;;PEST分析;;SWOT分析
2018.0,茶饮;;商业计划书;;消费者调查问卷;;财务与风险分析
2018.0,禅茶一味;;禅文化;;茶文化;;佛教
2018.0,茶文化;;苗族;;湘西
2018.0,喜茶;;连锁化;;分析;;建议
2017.0,治未病;;中药代茶饮;;中药药膳;;应用
2017.0,连锁;;休闲茶饮;;市场开发;;营销策略
2017.0,《清宫代茶饮精华》;;中医传承辅助平台(V2.5);;用药规律;;中药代茶饮;;应用情况
2017.0,茶文化;;中国;;韩国;;古代;;品茗空间;;茶画
2017.0,福建;;茶诗;;茶文化;;地域茶风;;点茶;;工夫茶
2017.0,图像学;;宋代;;茶文化
2017.0,贡润祥新茶语;;品牌;;视觉形象设计
2016.0,代茶饮;;口渴;;维持性血液透析;;中药
2016.0,新疆;;地域文化;;特产;;包装设计;;现代设计
2016.0,资讯设计;;茶饮;;视觉传播;;图形;;认知
2016.0,唐代茶政策;;茶业经济;;茶文化
2015.0,黄秋葵;;粗多糖;;黄酮;;抗氧化;;代茶饮;;饮料
2014.0,哈萨克族;;茶俗;;茶文化
2011.0,茶饮料;;市场研究;;品牌定位;;营销战略
,茶;;快消文化;;新茶饮;;传统茶饮;;品牌形象;;CBBE模型;;恭城油茶
,新茶饮;;分布特征;;扩张特征;;地理探测器;;中国
